{
    "gui_json": {
        "0": 0,
        "1": 0,
        "2": 0,
        "3": 0,
        "4": -1,
        "5": -1,
        "6": 0.34,
        "7": 0.37,
        "8": -1,
        "9": -1,
        "10": 0.38,
        "11": 0.45,
        "12": 0.45,
        "13": 0.49,
        "14": 0.5,
        "15": 0.46,
        "16": -1,
        "17": -1,
        "18": 0.51,
        "19": 0.41000000000000003,
        "20": -1,
        "21": -1,
        "22": 0.42,
        "23": 0.47000000000000003,
        "24": 0.51,
        "25": 0.38,
        "26": 0,
        "27": 0,
        "28": 0,
        "29": 0,
        "30": 0,
        "31": 0,
        "32": -1,
        "33": -1,
        "34": -1,
        "35": 0,
        "36": 0
    }
}